accuracy,clip_accuracy,clip_balanced,clip_f1_macro,f1_macro,n_clips,seconds,seed,selected_epoch,subject,val_f1,window_balanced
0.4805266044980801,0.6,0.6,0.5907322654462243,0.47496688704719936,45,1644.5,1,5,1,0.45013732189846767,0.4987853522051055
0.36862314865606144,0.4888888888888889,0.4888888888888888,0.47081965162460515,0.365269307213378,45,1664.0,1,4,2,0.4437078833434741,0.36905512797665996
0.4673614920460779,0.5333333333333333,0.5333333333333334,0.499023199023199,0.45708424306435164,45,1690.1,1,22,3,0.3516942594108016,0.4746510422274176
0.337904552934723,0.35555555555555557,0.3555555555555555,0.34337662337662334,0.33209811089045616,45,1709.2,1,3,4,0.32487396598395585,0.33970995697097867
0.3143170597915524,0.37777777777777777,0.37777777777777777,0.3497737556561086,0.30073609043664784,45,1693.9,1,4,5,0.36664624728060125,0.31466197402357865
0.2397147558968733,0.26666666666666666,0.26666666666666666,0.266989898989899,0.23382674127135022,45,1721.9,1,6,6,0.36292381062181667,0.23606459078223635
0.3340647284695557,0.4222222222222222,0.4222222222222222,0.4164230540701128,0.3474552771905654,45,1679.3,1,3,7,0.4409528112199289,0.3540916468195875
0.3845309928688974,0.5111111111111111,0.5111111111111112,0.5043839933865509,0.3722882951843235,45,1716.2,1,5,8,0.35621378732731784,0.37743125161820923
0.39111354909489854,0.5555555555555556,0.5555555555555556,0.5433785220627325,0.3980075657263368,45,1678.1,1,4,9,0.33527411266649076,0.4122981499450152
0.2534284147010422,0.37777777777777777,0.37777777777777777,0.36526315789473685,0.24979980086722725,45,1698.5,1,2,10,0.3291078491896337,0.2638053776610699
0.3927591881513988,0.5555555555555556,0.5555555555555556,0.5393939393939394,0.3963046392049838,45,1672.2,1,5,11,0.35333585849928834,0.40241543434195465
0.24904004388370818,0.24444444444444444,0.24444444444444446,0.1731523378582202,0.2252311891432211,45,1701.1,1,11,12,0.38126654053324766,0.2398298347601157
0.4114097641250686,0.5111111111111111,0.5111111111111111,0.5218325504232086,0.4119305450022492,45,1671.8,1,7,13,0.364505824978964,0.41439471069395656
0.24410312671420736,0.24444444444444444,0.24444444444444446,0.240046783625731,0.24016408167225714,45,1869.1,1,7,14,0.402405388292047,0.2407860171517425
0.39166209544706526,0.6222222222222222,0.6222222222222222,0.5902171258692996,0.3824804353778791,45,1716.3,1,4,15,0.41637371952259583,0.4016371915881557
0.37739989029072957,0.4666666666666667,0.4666666666666666,0.47893642305407014,0.3784863818805675,45,1744.4,1,14,16,0.4410595599727592,0.37844284105846304
