arm,budget,step,path,metric,mean,sd,delta,ci_lo,ci_hi,p,wins,note
EA_realistic,60s,1_none,cond4_prototype,proto_clip,0.5964,0.1311,,,,,,
EA_realistic,60s,2_ea,cond4_prototype,proto_clip,0.6060,0.1017,+0.0097,-0.0255,+0.0444,0.5894,10/15,"retraining comparison (step 1 is the no-EA model, step 2 the EA model); not an additive ladder step"
EA_realistic,60s,3_center,cond4_prototype,proto_clip,0.6785,0.0623,+0.0724,+0.0441,+0.1022,0.0003,13/15,
EA_realistic,60s,4_timeweight,cond4_prototype,proto_clip,0.6862,0.0609,+0.0077,+0.0032,+0.0125,0.0083,13/15,
EA_realistic,120s,1_none,cond4_prototype,proto_clip,0.5964,0.1311,,,,,,
EA_realistic,120s,2_ea,cond4_prototype,proto_clip,0.6255,0.1110,+0.0291,-0.0065,+0.0651,0.2078,10/15,"retraining comparison (step 1 is the no-EA model, step 2 the EA model); not an additive ladder step"
EA_realistic,120s,3_center,cond4_prototype,proto_clip,0.6951,0.0672,+0.0696,+0.0391,+0.1021,0.0004,14/15,
EA_realistic,120s,4_timeweight,cond4_prototype,proto_clip,0.7026,0.0662,+0.0075,+0.0039,+0.0109,0.0045,12/15,
EA_realistic,~11min,1_none,cond4_prototype,proto_clip,0.5964,0.1311,,,,,,
EA_realistic,~11min,2_ea,cond4_prototype,proto_clip,0.6291,0.1034,+0.0328,-0.0041,+0.0702,0.1688,11/15,"retraining comparison (step 1 is the no-EA model, step 2 the EA model); not an additive ladder step"
EA_realistic,~11min,3_center,cond4_prototype,proto_clip,0.7262,0.0665,+0.0971,+0.0666,+0.1294,0.0001,15/15,
EA_realistic,~11min,4_timeweight,cond4_prototype,proto_clip,0.7336,0.0656,+0.0074,+0.0009,+0.0140,0.0132,13/15,
no_EA,60s,1_none,cond4_prototype,proto_clip,0.5964,0.1311,,,,,,
no_EA,60s,3_center,cond4_prototype,proto_clip,0.6673,0.0840,+0.0710,+0.0359,+0.1078,0.0054,12/15,
no_EA,60s,4_timeweight,cond4_prototype,proto_clip,0.6720,0.0823,+0.0047,+0.0002,+0.0090,0.0637,11/15,
no_EA,120s,1_none,cond4_prototype,proto_clip,0.5964,0.1311,,,,,,
no_EA,120s,3_center,cond4_prototype,proto_clip,0.6772,0.0862,+0.0808,+0.0476,+0.1154,0.0006,13/15,
no_EA,120s,4_timeweight,cond4_prototype,proto_clip,0.6808,0.0844,+0.0036,-0.0013,+0.0085,0.1688,11/15,
no_EA,~11min,1_none,cond4_prototype,proto_clip,0.5964,0.1311,,,,,,
no_EA,~11min,3_center,cond4_prototype,proto_clip,0.6960,0.0911,+0.0996,+0.0673,+0.1336,0.0001,15/15,
no_EA,~11min,4_timeweight,cond4_prototype,proto_clip,0.6991,0.0856,+0.0031,-0.0037,+0.0094,0.2719,11/15,
EA_realistic,60s,1_none,cond4_prototype,proto_clip_f1,0.5587,0.1547,,,,,,
EA_realistic,60s,2_ea,cond4_prototype,proto_clip_f1,0.5685,0.1156,+0.0097,-0.0336,+0.0522,0.8040,10/15,"retraining comparison (step 1 is the no-EA model, step 2 the EA model); not an additive ladder step"
EA_realistic,60s,3_center,cond4_prototype,proto_clip_f1,0.6586,0.0654,+0.0901,+0.0568,+0.1245,0.0003,13/15,
EA_realistic,60s,4_timeweight,cond4_prototype,proto_clip_f1,0.6657,0.0641,+0.0072,+0.0029,+0.0115,0.0054,13/15,
EA_realistic,120s,1_none,cond4_prototype,proto_clip_f1,0.5587,0.1547,,,,,,
EA_realistic,120s,2_ea,cond4_prototype,proto_clip_f1,0.5870,0.1308,+0.0283,-0.0152,+0.0707,0.3303,10/15,"retraining comparison (step 1 is the no-EA model, step 2 the EA model); not an additive ladder step"
EA_realistic,120s,3_center,cond4_prototype,proto_clip_f1,0.6781,0.0720,+0.0910,+0.0536,+0.1308,0.0004,14/15,
EA_realistic,120s,4_timeweight,cond4_prototype,proto_clip_f1,0.6855,0.0706,+0.0075,+0.0038,+0.0108,0.0034,11/15,
EA_realistic,~11min,1_none,cond4_prototype,proto_clip_f1,0.5587,0.1547,,,,,,
EA_realistic,~11min,2_ea,cond4_prototype,proto_clip_f1,0.5896,0.1216,+0.0308,-0.0123,+0.0737,0.2078,10/15,"retraining comparison (step 1 is the no-EA model, step 2 the EA model); not an additive ladder step"
EA_realistic,~11min,3_center,cond4_prototype,proto_clip_f1,0.7144,0.0720,+0.1248,+0.0875,+0.1641,0.0001,15/15,
EA_realistic,~11min,4_timeweight,cond4_prototype,proto_clip_f1,0.7217,0.0706,+0.0073,+0.0008,+0.0137,0.0067,14/15,
no_EA,60s,1_none,cond4_prototype,proto_clip_f1,0.5587,0.1547,,,,,,
no_EA,60s,3_center,cond4_prototype,proto_clip_f1,0.6465,0.0933,+0.0878,+0.0440,+0.1340,0.0026,12/15,
no_EA,60s,4_timeweight,cond4_prototype,proto_clip_f1,0.6514,0.0914,+0.0049,-0.0002,+0.0098,0.0833,12/15,
no_EA,120s,1_none,cond4_prototype,proto_clip_f1,0.5587,0.1547,,,,,,
no_EA,120s,3_center,cond4_prototype,proto_clip_f1,0.6585,0.0954,+0.0997,+0.0572,+0.1445,0.0009,12/15,
no_EA,120s,4_timeweight,cond4_prototype,proto_clip_f1,0.6619,0.0934,+0.0034,-0.0015,+0.0085,0.1876,10/15,
no_EA,~11min,1_none,cond4_prototype,proto_clip_f1,0.5587,0.1547,,,,,,
no_EA,~11min,3_center,cond4_prototype,proto_clip_f1,0.6821,0.0994,+0.1233,+0.0818,+0.1677,0.0001,15/15,
no_EA,~11min,4_timeweight,cond4_prototype,proto_clip_f1,0.6850,0.0941,+0.0030,-0.0037,+0.0092,0.2293,12/15,
EA_realistic,60s,1_none,cond4_prototype,proto_clip_bal,0.5964,0.1311,,,,,,
EA_realistic,60s,2_ea,cond4_prototype,proto_clip_bal,0.6060,0.1017,+0.0097,-0.0255,+0.0444,0.5894,10/15,"retraining comparison (step 1 is the no-EA model, step 2 the EA model); not an additive ladder step"
EA_realistic,60s,3_center,cond4_prototype,proto_clip_bal,0.6785,0.0623,+0.0724,+0.0441,+0.1022,0.0003,13/15,
EA_realistic,60s,4_timeweight,cond4_prototype,proto_clip_bal,0.6862,0.0609,+0.0077,+0.0032,+0.0125,0.0083,13/15,
EA_realistic,120s,1_none,cond4_prototype,proto_clip_bal,0.5964,0.1311,,,,,,
EA_realistic,120s,2_ea,cond4_prototype,proto_clip_bal,0.6255,0.1110,+0.0291,-0.0065,+0.0651,0.2078,10/15,"retraining comparison (step 1 is the no-EA model, step 2 the EA model); not an additive ladder step"
EA_realistic,120s,3_center,cond4_prototype,proto_clip_bal,0.6951,0.0672,+0.0696,+0.0391,+0.1021,0.0004,14/15,
EA_realistic,120s,4_timeweight,cond4_prototype,proto_clip_bal,0.7026,0.0662,+0.0075,+0.0039,+0.0109,0.0045,12/15,
EA_realistic,~11min,1_none,cond4_prototype,proto_clip_bal,0.5964,0.1311,,,,,,
EA_realistic,~11min,2_ea,cond4_prototype,proto_clip_bal,0.6291,0.1034,+0.0328,-0.0041,+0.0702,0.1688,11/15,"retraining comparison (step 1 is the no-EA model, step 2 the EA model); not an additive ladder step"
EA_realistic,~11min,3_center,cond4_prototype,proto_clip_bal,0.7262,0.0665,+0.0971,+0.0666,+0.1294,0.0001,15/15,
EA_realistic,~11min,4_timeweight,cond4_prototype,proto_clip_bal,0.7336,0.0656,+0.0074,+0.0009,+0.0140,0.0132,13/15,
no_EA,60s,1_none,cond4_prototype,proto_clip_bal,0.5964,0.1311,,,,,,
no_EA,60s,3_center,cond4_prototype,proto_clip_bal,0.6673,0.0840,+0.0710,+0.0359,+0.1078,0.0054,12/15,
no_EA,60s,4_timeweight,cond4_prototype,proto_clip_bal,0.6720,0.0823,+0.0047,+0.0002,+0.0090,0.0640,11/15,
no_EA,120s,1_none,cond4_prototype,proto_clip_bal,0.5964,0.1311,,,,,,
no_EA,120s,3_center,cond4_prototype,proto_clip_bal,0.6772,0.0862,+0.0808,+0.0476,+0.1154,0.0006,13/15,
no_EA,120s,4_timeweight,cond4_prototype,proto_clip_bal,0.6808,0.0844,+0.0036,-0.0013,+0.0085,0.1688,11/15,
no_EA,~11min,1_none,cond4_prototype,proto_clip_bal,0.5964,0.1311,,,,,,
no_EA,~11min,3_center,cond4_prototype,proto_clip_bal,0.6960,0.0911,+0.0996,+0.0673,+0.1336,0.0001,15/15,
no_EA,~11min,4_timeweight,cond4_prototype,proto_clip_bal,0.6991,0.0856,+0.0031,-0.0037,+0.0094,0.2718,11/15,
EA_realistic,60s,1_none,cond4_prototype,proto_win,0.5506,0.0891,,,,,,
EA_realistic,60s,2_ea,cond4_prototype,proto_win,0.5647,0.0711,+0.0141,-0.0091,+0.0372,0.2293,9/15,"retraining comparison (step 1 is the no-EA model, step 2 the EA model); not an additive ladder step"
EA_realistic,60s,3_center,cond4_prototype,proto_win,0.6012,0.0573,+0.0365,+0.0229,+0.0518,0.0001,14/15,
EA_realistic,120s,1_none,cond4_prototype,proto_win,0.5506,0.0891,,,,,,
EA_realistic,120s,2_ea,cond4_prototype,proto_win,0.5799,0.0792,+0.0293,+0.0041,+0.0553,0.0413,10/15,"retraining comparison (step 1 is the no-EA model, step 2 the EA model); not an additive ladder step"
EA_realistic,120s,3_center,cond4_prototype,proto_win,0.6143,0.0621,+0.0344,+0.0196,+0.0512,0.0003,14/15,
EA_realistic,~11min,1_none,cond4_prototype,proto_win,0.5506,0.0891,,,,,,
EA_realistic,~11min,2_ea,cond4_prototype,proto_win,0.5863,0.0789,+0.0357,+0.0080,+0.0645,0.0302,10/15,"retraining comparison (step 1 is the no-EA model, step 2 the EA model); not an additive ladder step"
EA_realistic,~11min,3_center,cond4_prototype,proto_win,0.6231,0.0633,+0.0368,+0.0221,+0.0537,0.0001,15/15,
no_EA,60s,1_none,cond4_prototype,proto_win,0.5506,0.0891,,,,,,
no_EA,60s,3_center,cond4_prototype,proto_win,0.5887,0.0665,+0.0381,+0.0190,+0.0589,0.0009,12/15,
no_EA,120s,1_none,cond4_prototype,proto_win,0.5506,0.0891,,,,,,
no_EA,120s,3_center,cond4_prototype,proto_win,0.5912,0.0668,+0.0405,+0.0213,+0.0619,0.0003,14/15,
no_EA,~11min,1_none,cond4_prototype,proto_win,0.5506,0.0891,,,,,,
no_EA,~11min,3_center,cond4_prototype,proto_win,0.5942,0.0677,+0.0435,+0.0252,+0.0643,0.0001,15/15,
EA_realistic,60s,1_none,cond4_prototype,proto_win_f1,0.5227,0.1056,,,,,,
EA_realistic,60s,2_ea,cond4_prototype,proto_win_f1,0.5414,0.0775,+0.0187,-0.0119,+0.0498,0.3303,10/15,"retraining comparison (step 1 is the no-EA model, step 2 the EA model); not an additive ladder step"
EA_realistic,60s,3_center,cond4_prototype,proto_win_f1,0.5871,0.0564,+0.0457,+0.0290,+0.0641,0.0003,13/15,
EA_realistic,120s,1_none,cond4_prototype,proto_win_f1,0.5227,0.1056,,,,,,
EA_realistic,120s,2_ea,cond4_prototype,proto_win_f1,0.5555,0.0878,+0.0327,+0.0006,+0.0654,0.0730,10/15,"retraining comparison (step 1 is the no-EA model, step 2 the EA model); not an additive ladder step"
EA_realistic,120s,3_center,cond4_prototype,proto_win_f1,0.6013,0.0616,+0.0458,+0.0268,+0.0666,0.0003,14/15,
EA_realistic,~11min,1_none,cond4_prototype,proto_win_f1,0.5227,0.1056,,,,,,
EA_realistic,~11min,2_ea,cond4_prototype,proto_win_f1,0.5615,0.0858,+0.0387,+0.0051,+0.0739,0.0637,10/15,"retraining comparison (step 1 is the no-EA model, step 2 the EA model); not an additive ladder step"
EA_realistic,~11min,3_center,cond4_prototype,proto_win_f1,0.6121,0.0629,+0.0507,+0.0320,+0.0717,0.0001,15/15,
no_EA,60s,1_none,cond4_prototype,proto_win_f1,0.5227,0.1056,,,,,,
no_EA,60s,3_center,cond4_prototype,proto_win_f1,0.5726,0.0680,+0.0499,+0.0240,+0.0793,0.0012,13/15,
no_EA,120s,1_none,cond4_prototype,proto_win_f1,0.5227,0.1056,,,,,,
no_EA,120s,3_center,cond4_prototype,proto_win_f1,0.5763,0.0677,+0.0536,+0.0273,+0.0838,0.0006,14/15,
no_EA,~11min,1_none,cond4_prototype,proto_win_f1,0.5227,0.1056,,,,,,
no_EA,~11min,3_center,cond4_prototype,proto_win_f1,0.5814,0.0688,+0.0587,+0.0328,+0.0887,0.0001,15/15,
EA_realistic,60s,1_none,cond4_prototype,proto_win_bal,0.5489,0.0888,,,,,,
EA_realistic,60s,2_ea,cond4_prototype,proto_win_bal,0.5627,0.0711,+0.0139,-0.0092,+0.0367,0.2293,9/15,"retraining comparison (step 1 is the no-EA model, step 2 the EA model); not an additive ladder step"
EA_realistic,60s,3_center,cond4_prototype,proto_win_bal,0.5984,0.0572,+0.0357,+0.0222,+0.0508,0.0001,14/15,
EA_realistic,120s,1_none,cond4_prototype,proto_win_bal,0.5489,0.0888,,,,,,
EA_realistic,120s,2_ea,cond4_prototype,proto_win_bal,0.5775,0.0791,+0.0286,+0.0036,+0.0541,0.0479,10/15,"retraining comparison (step 1 is the no-EA model, step 2 the EA model); not an additive ladder step"
EA_realistic,120s,3_center,cond4_prototype,proto_win_bal,0.6114,0.0619,+0.0340,+0.0192,+0.0506,0.0004,13/15,
EA_realistic,~11min,1_none,cond4_prototype,proto_win_bal,0.5489,0.0888,,,,,,
EA_realistic,~11min,2_ea,cond4_prototype,proto_win_bal,0.5839,0.0785,+0.0350,+0.0074,+0.0636,0.0256,10/15,"retraining comparison (step 1 is the no-EA model, step 2 the EA model); not an additive ladder step"
EA_realistic,~11min,3_center,cond4_prototype,proto_win_bal,0.6203,0.0628,+0.0365,+0.0219,+0.0532,0.0001,15/15,
no_EA,60s,1_none,cond4_prototype,proto_win_bal,0.5489,0.0888,,,,,,
no_EA,60s,3_center,cond4_prototype,proto_win_bal,0.5861,0.0661,+0.0372,+0.0184,+0.0579,0.0009,12/15,
no_EA,120s,1_none,cond4_prototype,proto_win_bal,0.5489,0.0888,,,,,,
no_EA,120s,3_center,cond4_prototype,proto_win_bal,0.5887,0.0663,+0.0398,+0.0208,+0.0608,0.0003,14/15,
no_EA,~11min,1_none,cond4_prototype,proto_win_bal,0.5489,0.0888,,,,,,
no_EA,~11min,3_center,cond4_prototype,proto_win_bal,0.5918,0.0671,+0.0430,+0.0248,+0.0634,0.0001,15/15,
EA_realistic,60s,1_none,cond2_head,head_clip,0.5843,0.1170,,,,,,
EA_realistic,60s,2_ea,cond2_head,head_clip,0.6002,0.0881,+0.0160,-0.0156,+0.0477,0.3591,10/15,"retraining comparison (step 1 is the no-EA model, step 2 the EA model); not an additive ladder step"
EA_realistic,60s,3_center,cond2_head,head_clip,0.6633,0.0591,+0.0630,+0.0388,+0.0890,0.0003,13/15,
EA_realistic,60s,4_timeweight,cond2_head,head_clip,0.6717,0.0583,+0.0085,+0.0040,+0.0131,0.0083,11/15,
EA_realistic,120s,1_none,cond2_head,head_clip,0.5843,0.1170,,,,,,
EA_realistic,120s,2_ea,cond2_head,head_clip,0.6212,0.1023,+0.0370,+0.0043,+0.0707,0.0637,12/15,"retraining comparison (step 1 is the no-EA model, step 2 the EA model); not an additive ladder step"
EA_realistic,120s,3_center,cond2_head,head_clip,0.6861,0.0637,+0.0649,+0.0363,+0.0951,0.0009,13/15,
EA_realistic,120s,4_timeweight,cond2_head,head_clip,0.6928,0.0638,+0.0067,+0.0011,+0.0114,0.0157,12/15,
EA_realistic,~11min,1_none,cond2_head,head_clip,0.5843,0.1170,,,,,,
EA_realistic,~11min,2_ea,cond2_head,head_clip,0.6244,0.1066,+0.0401,+0.0058,+0.0753,0.0256,13/15,"retraining comparison (step 1 is the no-EA model, step 2 the EA model); not an additive ladder step"
EA_realistic,~11min,3_center,cond2_head,head_clip,0.7041,0.0695,+0.0798,+0.0485,+0.1122,0.0004,14/15,
EA_realistic,~11min,4_timeweight,cond2_head,head_clip,0.7130,0.0719,+0.0089,+0.0024,+0.0163,0.0043,14/15,
no_EA,60s,1_none,cond2_head,head_clip,0.5843,0.1170,,,,,,
no_EA,60s,3_center,cond2_head,head_clip,0.6610,0.0911,+0.0768,+0.0470,+0.1115,0.0001,15/15,
no_EA,60s,4_timeweight,cond2_head,head_clip,0.6654,0.0840,+0.0044,-0.0012,+0.0101,0.1577,10/15,
no_EA,120s,1_none,cond2_head,head_clip,0.5843,0.1170,,,,,,
no_EA,120s,3_center,cond2_head,head_clip,0.6644,0.0914,+0.0801,+0.0496,+0.1158,0.0001,15/15,
no_EA,120s,4_timeweight,cond2_head,head_clip,0.6687,0.0865,+0.0043,-0.0011,+0.0098,0.1117,10/15,
no_EA,~11min,1_none,cond2_head,head_clip,0.5843,0.1170,,,,,,
no_EA,~11min,3_center,cond2_head,head_clip,0.6723,0.0956,+0.0880,+0.0530,+0.1298,0.0001,15/15,
no_EA,~11min,4_timeweight,cond2_head,head_clip,0.6767,0.0883,+0.0044,-0.0014,+0.0102,0.1205,11/15,
EA_realistic,60s,1_none,cond2_head,head_clip_f1,0.5434,0.1366,,,,,,
EA_realistic,60s,2_ea,cond2_head,head_clip_f1,0.5653,0.0945,+0.0219,-0.0198,+0.0635,0.3303,10/15,"retraining comparison (step 1 is the no-EA model, step 2 the EA model); not an additive ladder step"
EA_realistic,60s,3_center,cond2_head,head_clip_f1,0.6329,0.0667,+0.0676,+0.0402,+0.0974,0.0003,13/15,
EA_realistic,60s,4_timeweight,cond2_head,head_clip_f1,0.6413,0.0673,+0.0084,+0.0038,+0.0131,0.0103,10/15,
EA_realistic,120s,1_none,cond2_head,head_clip_f1,0.5434,0.1366,,,,,,
EA_realistic,120s,2_ea,cond2_head,head_clip_f1,0.5861,0.1163,+0.0427,-0.0010,+0.0864,0.0833,11/15,"retraining comparison (step 1 is the no-EA model, step 2 the EA model); not an additive ladder step"
EA_realistic,120s,3_center,cond2_head,head_clip_f1,0.6591,0.0746,+0.0730,+0.0394,+0.1082,0.0012,13/15,
EA_realistic,120s,4_timeweight,cond2_head,head_clip_f1,0.6652,0.0749,+0.0060,-0.0001,+0.0108,0.0125,13/15,
EA_realistic,~11min,1_none,cond2_head,head_clip_f1,0.5434,0.1366,,,,,,
EA_realistic,~11min,2_ea,cond2_head,head_clip_f1,0.5890,0.1211,+0.0456,+0.0021,+0.0894,0.0730,12/15,"retraining comparison (step 1 is the no-EA model, step 2 the EA model); not an additive ladder step"
EA_realistic,~11min,3_center,cond2_head,head_clip_f1,0.6818,0.0789,+0.0928,+0.0564,+0.1299,0.0006,14/15,
EA_realistic,~11min,4_timeweight,cond2_head,head_clip_f1,0.6914,0.0812,+0.0096,+0.0032,+0.0169,0.0026,14/15,
no_EA,60s,1_none,cond2_head,head_clip_f1,0.5434,0.1366,,,,,,
no_EA,60s,3_center,cond2_head,head_clip_f1,0.6367,0.0970,+0.0933,+0.0537,+0.1374,0.0003,14/15,
no_EA,60s,4_timeweight,cond2_head,head_clip_f1,0.6409,0.0897,+0.0042,-0.0015,+0.0102,0.1688,11/15,
no_EA,120s,1_none,cond2_head,head_clip_f1,0.5434,0.1366,,,,,,
no_EA,120s,3_center,cond2_head,head_clip_f1,0.6414,0.0978,+0.0980,+0.0571,+0.1445,0.0003,14/15,
no_EA,120s,4_timeweight,cond2_head,head_clip_f1,0.6459,0.0920,+0.0045,-0.0014,+0.0104,0.2078,10/15,
no_EA,~11min,1_none,cond2_head,head_clip_f1,0.5434,0.1366,,,,,,
no_EA,~11min,3_center,cond2_head,head_clip_f1,0.6529,0.1018,+0.1096,+0.0615,+0.1646,0.0003,13/15,
no_EA,~11min,4_timeweight,cond2_head,head_clip_f1,0.6571,0.0939,+0.0042,-0.0018,+0.0102,0.2078,9/15,
EA_realistic,60s,1_none,cond2_head,head_clip_bal,0.5843,0.1170,,,,,,
EA_realistic,60s,2_ea,cond2_head,head_clip_bal,0.6002,0.0881,+0.0160,-0.0156,+0.0477,0.3591,10/15,"retraining comparison (step 1 is the no-EA model, step 2 the EA model); not an additive ladder step"
EA_realistic,60s,3_center,cond2_head,head_clip_bal,0.6633,0.0591,+0.0630,+0.0388,+0.0890,0.0003,13/15,
EA_realistic,60s,4_timeweight,cond2_head,head_clip_bal,0.6717,0.0583,+0.0085,+0.0040,+0.0131,0.0083,11/15,
EA_realistic,120s,1_none,cond2_head,head_clip_bal,0.5843,0.1170,,,,,,
EA_realistic,120s,2_ea,cond2_head,head_clip_bal,0.6212,0.1023,+0.0370,+0.0043,+0.0707,0.0637,12/15,"retraining comparison (step 1 is the no-EA model, step 2 the EA model); not an additive ladder step"
EA_realistic,120s,3_center,cond2_head,head_clip_bal,0.6861,0.0637,+0.0649,+0.0363,+0.0951,0.0009,13/15,
EA_realistic,120s,4_timeweight,cond2_head,head_clip_bal,0.6928,0.0638,+0.0067,+0.0011,+0.0114,0.0157,12/15,
EA_realistic,~11min,1_none,cond2_head,head_clip_bal,0.5843,0.1170,,,,,,
EA_realistic,~11min,2_ea,cond2_head,head_clip_bal,0.6244,0.1066,+0.0401,+0.0058,+0.0753,0.0355,12/15,"retraining comparison (step 1 is the no-EA model, step 2 the EA model); not an additive ladder step"
EA_realistic,~11min,3_center,cond2_head,head_clip_bal,0.7041,0.0695,+0.0798,+0.0485,+0.1122,0.0004,14/15,
EA_realistic,~11min,4_timeweight,cond2_head,head_clip_bal,0.7130,0.0719,+0.0089,+0.0024,+0.0163,0.0043,14/15,
no_EA,60s,1_none,cond2_head,head_clip_bal,0.5843,0.1170,,,,,,
no_EA,60s,3_center,cond2_head,head_clip_bal,0.6610,0.0911,+0.0768,+0.0470,+0.1115,0.0001,15/15,
no_EA,60s,4_timeweight,cond2_head,head_clip_bal,0.6654,0.0840,+0.0044,-0.0012,+0.0101,0.1576,10/15,
no_EA,120s,1_none,cond2_head,head_clip_bal,0.5843,0.1170,,,,,,
no_EA,120s,3_center,cond2_head,head_clip_bal,0.6644,0.0914,+0.0801,+0.0496,+0.1158,0.0001,15/15,
no_EA,120s,4_timeweight,cond2_head,head_clip_bal,0.6687,0.0865,+0.0043,-0.0011,+0.0098,0.1117,10/15,
no_EA,~11min,1_none,cond2_head,head_clip_bal,0.5843,0.1170,,,,,,
no_EA,~11min,3_center,cond2_head,head_clip_bal,0.6723,0.0956,+0.0880,+0.0530,+0.1298,0.0001,15/15,
no_EA,~11min,4_timeweight,cond2_head,head_clip_bal,0.6767,0.0883,+0.0044,-0.0014,+0.0102,0.1205,11/15,
EA_realistic,60s,1_none,cond2_head,head_win,0.5459,0.0849,,,,,,
EA_realistic,60s,2_ea,cond2_head,head_win,0.5599,0.0673,+0.0139,-0.0056,+0.0340,0.2524,9/15,"retraining comparison (step 1 is the no-EA model, step 2 the EA model); not an additive ladder step"
EA_realistic,60s,3_center,cond2_head,head_win,0.5953,0.0552,+0.0355,+0.0221,+0.0502,0.0001,14/15,
EA_realistic,120s,1_none,cond2_head,head_win,0.5459,0.0849,,,,,,
EA_realistic,120s,2_ea,cond2_head,head_win,0.5767,0.0764,+0.0308,+0.0095,+0.0536,0.0215,10/15,"retraining comparison (step 1 is the no-EA model, step 2 the EA model); not an additive ladder step"
EA_realistic,120s,3_center,cond2_head,head_win,0.6098,0.0600,+0.0332,+0.0181,+0.0499,0.0004,13/15,
EA_realistic,~11min,1_none,cond2_head,head_win,0.5459,0.0849,,,,,,
EA_realistic,~11min,2_ea,cond2_head,head_win,0.5832,0.0781,+0.0372,+0.0132,+0.0628,0.0151,10/15,"retraining comparison (step 1 is the no-EA model, step 2 the EA model); not an additive ladder step"
EA_realistic,~11min,3_center,cond2_head,head_win,0.6203,0.0631,+0.0372,+0.0221,+0.0543,0.0002,14/15,
no_EA,60s,1_none,cond2_head,head_win,0.5459,0.0849,,,,,,
no_EA,60s,3_center,cond2_head,head_win,0.5861,0.0649,+0.0402,+0.0233,+0.0598,0.0001,14/15,
no_EA,120s,1_none,cond2_head,head_win,0.5459,0.0849,,,,,,
no_EA,120s,3_center,cond2_head,head_win,0.5880,0.0654,+0.0421,+0.0251,+0.0619,0.0001,15/15,
no_EA,~11min,1_none,cond2_head,head_win,0.5459,0.0849,,,,,,
no_EA,~11min,3_center,cond2_head,head_win,0.5909,0.0663,+0.0450,+0.0275,+0.0654,0.0001,15/15,
EA_realistic,60s,1_none,cond2_head,head_win_f1,0.5189,0.0950,,,,,,
EA_realistic,60s,2_ea,cond2_head,head_win_f1,0.5382,0.0689,+0.0193,-0.0064,+0.0461,0.3028,10/15,"retraining comparison (step 1 is the no-EA model, step 2 the EA model); not an additive ladder step"
EA_realistic,60s,3_center,cond2_head,head_win_f1,0.5792,0.0523,+0.0411,+0.0253,+0.0585,0.0002,14/15,
EA_realistic,120s,1_none,cond2_head,head_win_f1,0.5189,0.0950,,,,,,
EA_realistic,120s,2_ea,cond2_head,head_win_f1,0.5545,0.0805,+0.0356,+0.0084,+0.0641,0.0353,11/15,"retraining comparison (step 1 is the no-EA model, step 2 the EA model); not an additive ladder step"
EA_realistic,120s,3_center,cond2_head,head_win_f1,0.5951,0.0571,+0.0406,+0.0220,+0.0606,0.0009,13/15,
EA_realistic,~11min,1_none,cond2_head,head_win_f1,0.5189,0.0950,,,,,,
EA_realistic,~11min,2_ea,cond2_head,head_win_f1,0.5618,0.0810,+0.0429,+0.0133,+0.0742,0.0256,11/15,"retraining comparison (step 1 is the no-EA model, step 2 the EA model); not an additive ladder step"
EA_realistic,~11min,3_center,cond2_head,head_win_f1,0.6086,0.0604,+0.0468,+0.0279,+0.0677,0.0002,14/15,
no_EA,60s,1_none,cond2_head,head_win_f1,0.5189,0.0950,,,,,,
no_EA,60s,3_center,cond2_head,head_win_f1,0.5717,0.0625,+0.0528,+0.0298,+0.0810,0.0001,15/15,
no_EA,120s,1_none,cond2_head,head_win_f1,0.5189,0.0950,,,,,,
no_EA,120s,3_center,cond2_head,head_win_f1,0.5750,0.0627,+0.0561,+0.0325,+0.0852,0.0001,15/15,
no_EA,~11min,1_none,cond2_head,head_win_f1,0.5189,0.0950,,,,,,
no_EA,~11min,3_center,cond2_head,head_win_f1,0.5800,0.0639,+0.0611,+0.0358,+0.0919,0.0001,15/15,
EA_realistic,60s,1_none,cond2_head,head_win_bal,0.5444,0.0842,,,,,,
EA_realistic,60s,2_ea,cond2_head,head_win_bal,0.5580,0.0673,+0.0136,-0.0058,+0.0335,0.2769,9/15,"retraining comparison (step 1 is the no-EA model, step 2 the EA model); not an additive ladder step"
EA_realistic,60s,3_center,cond2_head,head_win_bal,0.5929,0.0550,+0.0348,+0.0213,+0.0497,0.0001,14/15,
EA_realistic,120s,1_none,cond2_head,head_win_bal,0.5444,0.0842,,,,,,
EA_realistic,120s,2_ea,cond2_head,head_win_bal,0.5744,0.0762,+0.0300,+0.0087,+0.0525,0.0256,10/15,"retraining comparison (step 1 is the no-EA model, step 2 the EA model); not an additive ladder step"
EA_realistic,120s,3_center,cond2_head,head_win_bal,0.6073,0.0597,+0.0329,+0.0177,+0.0497,0.0004,13/15,
EA_realistic,~11min,1_none,cond2_head,head_win_bal,0.5444,0.0842,,,,,,
EA_realistic,~11min,2_ea,cond2_head,head_win_bal,0.5809,0.0777,+0.0365,+0.0125,+0.0617,0.0151,10/15,"retraining comparison (step 1 is the no-EA model, step 2 the EA model); not an additive ladder step"
EA_realistic,~11min,3_center,cond2_head,head_win_bal,0.6179,0.0626,+0.0370,+0.0218,+0.0543,0.0002,14/15,
no_EA,60s,1_none,cond2_head,head_win_bal,0.5444,0.0842,,,,,,
no_EA,60s,3_center,cond2_head,head_win_bal,0.5840,0.0640,+0.0395,+0.0226,+0.0596,0.0001,14/15,
no_EA,120s,1_none,cond2_head,head_win_bal,0.5444,0.0842,,,,,,
no_EA,120s,3_center,cond2_head,head_win_bal,0.5860,0.0645,+0.0415,+0.0245,+0.0619,0.0001,15/15,
no_EA,~11min,1_none,cond2_head,head_win_bal,0.5444,0.0842,,,,,,
no_EA,~11min,3_center,cond2_head,head_win_bal,0.5891,0.0653,+0.0447,+0.0271,+0.0657,0.0001,15/15,
EA_vs_noEA,60s,final_config,cond4_prototype,proto_clip,0.6862,0.0609,+0.0141,-0.0054,+0.0333,0.1322,11/15,retraining comparison; MDE +0.0386 not cleared
EA_vs_noEA,60s,final_config,cond4_prototype,proto_win,0.6012,0.0573,+0.0125,-0.0003,+0.0248,0.0833,11/15,retraining comparison; MDE +0.0386 not cleared
EA_vs_noEA,60s,final_config,cond4_prototype,proto_clip_f1,0.6657,0.0641,+0.0143,-0.0087,+0.0367,0.1876,11/15,retraining comparison; MDE +0.0386 not cleared
EA_vs_noEA,60s,final_config,cond4_prototype,proto_win_f1,0.5871,0.0564,+0.0145,-0.0006,+0.0287,0.0833,10/15,retraining comparison; MDE +0.0386 not cleared
EA_vs_noEA,60s,final_config,cond4_prototype,proto_clip_bal,0.6862,0.0609,+0.0141,-0.0054,+0.0333,0.1475,11/15,retraining comparison; MDE +0.0386 not cleared
EA_vs_noEA,60s,final_config,cond4_prototype,proto_win_bal,0.5984,0.0572,+0.0123,-0.0006,+0.0247,0.0833,11/15,retraining comparison; MDE +0.0386 not cleared
EA_vs_noEA,120s,final_config,cond4_prototype,proto_clip,0.7026,0.0662,+0.0218,+0.0023,+0.0414,0.0730,10/15,retraining comparison; MDE +0.0386 not cleared
EA_vs_noEA,120s,final_config,cond4_prototype,proto_win,0.6143,0.0621,+0.0232,+0.0097,+0.0364,0.0084,12/15,retraining comparison; MDE +0.0386 not cleared
EA_vs_noEA,120s,final_config,cond4_prototype,proto_clip_f1,0.6855,0.0706,+0.0236,+0.0012,+0.0470,0.1070,10/15,retraining comparison; MDE +0.0386 not cleared
EA_vs_noEA,120s,final_config,cond4_prototype,proto_win_f1,0.6013,0.0616,+0.0250,+0.0095,+0.0403,0.0084,11/15,retraining comparison; MDE +0.0386 not cleared
EA_vs_noEA,120s,final_config,cond4_prototype,proto_clip_bal,0.7026,0.0662,+0.0218,+0.0023,+0.0414,0.0730,10/15,retraining comparison; MDE +0.0386 not cleared
EA_vs_noEA,120s,final_config,cond4_prototype,proto_win_bal,0.6114,0.0619,+0.0228,+0.0090,+0.0361,0.0084,12/15,retraining comparison; MDE +0.0386 not cleared
EA_vs_noEA,~11min,final_config,cond4_prototype,proto_clip,0.7336,0.0656,+0.0346,+0.0109,+0.0582,0.0181,11/15,retraining comparison; MDE +0.0386 not cleared
EA_vs_noEA,~11min,final_config,cond4_prototype,proto_win,0.6231,0.0633,+0.0290,+0.0136,+0.0441,0.0054,11/15,retraining comparison; MDE +0.0386 not cleared
EA_vs_noEA,~11min,final_config,cond4_prototype,proto_clip_f1,0.7217,0.0706,+0.0367,+0.0091,+0.0647,0.0302,11/15,retraining comparison; MDE +0.0386 not cleared
EA_vs_noEA,~11min,final_config,cond4_prototype,proto_win_f1,0.6121,0.0629,+0.0307,+0.0137,+0.0484,0.0043,12/15,retraining comparison; MDE +0.0386 not cleared
EA_vs_noEA,~11min,final_config,cond4_prototype,proto_clip_bal,0.7336,0.0656,+0.0346,+0.0109,+0.0582,0.0184,11/15,retraining comparison; MDE +0.0386 not cleared
EA_vs_noEA,~11min,final_config,cond4_prototype,proto_win_bal,0.6203,0.0628,+0.0285,+0.0131,+0.0439,0.0054,11/15,retraining comparison; MDE +0.0386 not cleared
EA_vs_noEA,60s,final_config,cond2_head,head_clip,0.6717,0.0583,+0.0063,-0.0148,+0.0275,0.6092,9/15,retraining comparison; MDE +0.0386 not cleared
EA_vs_noEA,60s,final_config,cond2_head,head_win,0.5953,0.0552,+0.0092,-0.0048,+0.0234,0.3303,10/15,retraining comparison; MDE +0.0386 not cleared
EA_vs_noEA,60s,final_config,cond2_head,head_clip_f1,0.6413,0.0673,+0.0004,-0.0284,+0.0297,0.8904,8/15,retraining comparison; MDE +0.0386 not cleared
EA_vs_noEA,60s,final_config,cond2_head,head_win_f1,0.5792,0.0523,+0.0076,-0.0075,+0.0234,0.4543,9/15,retraining comparison; MDE +0.0386 not cleared
EA_vs_noEA,60s,final_config,cond2_head,head_clip_bal,0.6717,0.0583,+0.0063,-0.0148,+0.0275,0.6092,9/15,retraining comparison; MDE +0.0386 not cleared
EA_vs_noEA,60s,final_config,cond2_head,head_win_bal,0.5929,0.0550,+0.0089,-0.0051,+0.0230,0.3028,10/15,retraining comparison; MDE +0.0386 not cleared
EA_vs_noEA,120s,final_config,cond2_head,head_clip,0.6928,0.0638,+0.0241,+0.0006,+0.0504,0.1070,11/15,retraining comparison; MDE +0.0386 not cleared
EA_vs_noEA,120s,final_config,cond2_head,head_win,0.6098,0.0600,+0.0219,+0.0072,+0.0373,0.0151,11/15,retraining comparison; MDE +0.0386 not cleared
EA_vs_noEA,120s,final_config,cond2_head,head_clip_f1,0.6652,0.0749,+0.0193,-0.0109,+0.0523,0.3591,8/15,retraining comparison; MDE +0.0386 not cleared
EA_vs_noEA,120s,final_config,cond2_head,head_win_f1,0.5951,0.0571,+0.0200,+0.0055,+0.0362,0.0353,11/15,retraining comparison; MDE +0.0386 not cleared
EA_vs_noEA,120s,final_config,cond2_head,head_clip_bal,0.6928,0.0638,+0.0241,+0.0006,+0.0504,0.1070,11/15,retraining comparison; MDE +0.0386 not cleared
EA_vs_noEA,120s,final_config,cond2_head,head_win_bal,0.6073,0.0597,+0.0213,+0.0065,+0.0366,0.0151,11/15,retraining comparison; MDE +0.0386 not cleared
EA_vs_noEA,~11min,final_config,cond2_head,head_clip,0.7130,0.0719,+0.0363,+0.0149,+0.0606,0.0084,11/15,retraining comparison; MDE +0.0386 not cleared
EA_vs_noEA,~11min,final_config,cond2_head,head_win,0.6203,0.0631,+0.0294,+0.0138,+0.0453,0.0034,12/15,retraining comparison; MDE +0.0386 not cleared
EA_vs_noEA,~11min,final_config,cond2_head,head_clip_f1,0.6914,0.0812,+0.0343,+0.0073,+0.0623,0.0479,10/15,retraining comparison; MDE +0.0386 not cleared
EA_vs_noEA,~11min,final_config,cond2_head,head_win_f1,0.6086,0.0604,+0.0287,+0.0138,+0.0437,0.0034,12/15,retraining comparison; MDE +0.0386 not cleared
EA_vs_noEA,~11min,final_config,cond2_head,head_clip_bal,0.7130,0.0719,+0.0363,+0.0149,+0.0606,0.0084,11/15,retraining comparison; MDE +0.0386 not cleared
EA_vs_noEA,~11min,final_config,cond2_head,head_win_bal,0.6179,0.0626,+0.0287,+0.0131,+0.0445,0.0043,12/15,retraining comparison; MDE +0.0386 not cleared
