item,claimed,actual,diff,tol,ok
A팔 runs,48.000000,48.000000,+0.000000,0,OK
A팔 피험자,16.000000,16.000000,+0.000000,0,OK
A팔 accuracy,0.303800,0.303838,+0.000038,5e-05,OK
A팔 clip_accuracy,0.327300,0.327315,+0.000015,5e-05,OK
A팔 window_balanced,0.306700,0.306715,+0.000015,5e-05,OK
A팔 f1_macro,0.266300,0.266307,+0.000007,5e-05,OK
A팔 clip_f1_macro,0.263100,0.263094,-0.000006,5e-05,OK
A팔 시드sd 창,0.023300,0.023326,+0.000026,5e-05,OK
A팔 시드sd 클립,0.051100,0.051116,+0.000016,5e-05,OK
조건 c1_clip,0.327300,0.327315,+0.000015,5e-05,OK
조건 c2_clip,0.373100,0.373148,+0.000048,5e-05,OK
조건 c3_clip,0.321800,0.321759,-0.000041,5e-05,OK
조건 c4_clip,0.420800,0.420833,+0.000033,5e-05,OK
조건 c1_win,0.304000,0.304032,+0.000032,5e-05,OK
조건 c2_win,0.330400,0.330408,+0.000008,5e-05,OK
조건 c3_win,0.302700,0.302660,-0.000040,5e-05,OK
조건 c4_win,0.329700,0.329722,+0.000022,5e-05,OK
조건1 clip == A팔 raw clip,0.327315,0.327315,-0.000000,0.0005,OK
조건4−조건1 clip Δ,0.093500,0.093519,+0.000019,5e-05,OK
조건4−조건1 clip p,0.000500,0.000530,+0.000030,5e-05,OK
조건4−조건1 clip 이긴수,15.000000,15.000000,+0.000000,0,OK
조건4−조건1 clip n,16.000000,16.000000,+0.000000,0,OK
조건4−조건1 win Δ,0.025700,0.025690,-0.000010,5e-05,OK
조건4−조건1 win p,0.000000,0.000031,+0.000031,5e-05,OK
조건4−조건1 win 이긴수,16.000000,16.000000,+0.000000,0,OK
조건4−조건1 win n,16.000000,16.000000,+0.000000,0,OK
조건3−조건1 clip Δ,-0.005600,-0.005556,+0.000044,5e-05,OK
조건3−조건1 clip p,0.280100,0.280143,+0.000043,5e-05,OK
조건3−조건1 clip 이긴수,6.000000,6.000000,+0.000000,0,OK
조건3−조건1 clip n,16.000000,16.000000,+0.000000,0,OK
조건2−조건1 clip Δ,0.045800,0.045833,+0.000033,5e-05,OK
조건2−조건1 clip p,0.002700,0.002686,-0.000014,5e-05,OK
조건2−조건1 clip 이긴수,13.000000,13.000000,+0.000000,0,OK
조건2−조건1 clip n,16.000000,16.000000,+0.000000,0,OK
보완 role_train,0.902900,0.902920,+0.000020,5e-05,OK
보완 role_val,0.438400,0.438426,+0.000026,5e-05,OK
보완 role_test,0.423600,0.423611,+0.000011,5e-05,OK
보완 ceil_logreg,0.543100,0.543056,-0.000044,5e-05,OK
보완 ceil_subject,0.507900,0.507870,-0.000030,5e-05,OK
보완 ceil_session,0.456000,0.456019,+0.000019,5e-05,OK
시간곡선 acc 0-20초,0.269200,0.269167,-0.000033,5e-05,OK
시간곡선 여백 0-20초,0.146600,0.146638,+0.000038,5e-05,OK
시간곡선 acc 20-40초,0.302600,0.302593,-0.000007,5e-05,OK
시간곡선 여백 20-40초,0.207900,0.207940,+0.000040,5e-05,OK
시간곡선 acc 40-80초,0.337800,0.337787,-0.000013,5e-05,OK
시간곡선 여백 40-80초,0.280400,0.280389,-0.000011,5e-05,OK
시간곡선 acc 80-160초,0.343400,0.343430,+0.000030,5e-05,OK
시간곡선 여백 80-160초,0.295800,0.295837,+0.000037,5e-05,OK
시간곡선 acc 160-끝초,0.352400,0.352402,+0.000002,5e-05,OK
시간곡선 여백 160-끝초,0.340200,0.340165,-0.000035,5e-05,OK
시간곡선 20-40초 Δ,0.033400,0.033426,+0.000026,5e-05,OK
시간곡선 20-40초 p,0.003400,0.003357,-0.000043,5e-05,OK
시간곡선 20-40초 이긴수,14.000000,14.000000,+0.000000,0,OK
시간곡선 40-80초 Δ,0.068600,0.068620,+0.000020,5e-05,OK
시간곡선 40-80초 p,0.000000,0.000031,+0.000031,5e-05,OK
시간곡선 40-80초 이긴수,16.000000,16.000000,+0.000000,0,OK
시간곡선 80-160초 Δ,0.074300,0.074263,-0.000037,5e-05,OK
시간곡선 80-160초 p,0.000100,0.000061,-0.000039,5e-05,OK
시간곡선 80-160초 이긴수,15.000000,15.000000,+0.000000,0,OK
시간곡선 160-끝초 Δ,0.083200,0.083235,+0.000035,5e-05,OK
시간곡선 160-끝초 p,0.000200,0.000153,-0.000047,5e-05,OK
시간곡선 160-끝초 이긴수,14.000000,14.000000,+0.000000,0,OK
단일 disgust Δ,-0.028200,-0.028194,+0.000006,5e-05,OK
단일 disgust p,0.002700,0.002686,-0.000014,5e-05,OK
단일 disgust 이긴수,2.000000,2.000000,+0.000000,0,OK
단일 fear Δ,-0.046000,-0.046007,-0.000007,5e-05,OK
단일 fear p,0.000100,0.000061,-0.000039,5e-05,OK
단일 fear 이긴수,1.000000,1.000000,+0.000000,0,OK
단일 sad Δ,-0.046900,-0.046944,-0.000044,5e-05,OK
단일 sad p,0.000200,0.000153,-0.000047,5e-05,OK
단일 sad 이긴수,1.000000,1.000000,+0.000000,0,OK
단일 neutral Δ,-0.052500,-0.052465,+0.000035,5e-05,OK
단일 neutral p,0.000000,0.000031,+0.000031,5e-05,OK
단일 neutral 이긴수,0.000000,0.000000,+0.000000,0,OK
단일 happy Δ,-0.068700,-0.068681,+0.000019,5e-05,OK
단일 happy p,0.000800,0.000803,+0.000003,5e-05,OK
단일 happy 이긴수,1.000000,1.000000,+0.000000,0,OK
단일 5클래스평균 Δ,-0.048500,-0.048458,+0.000042,5e-05,OK
단일 5클래스평균 p,0.000100,0.000092,-0.000008,5e-05,OK
단일 5클래스평균 이긴수,1.000000,1.000000,+0.000000,0,OK
시간가중 T20 (a),0.391000,0.391042,+0.000042,5e-05,OK
시간가중 T20 (b),0.397400,0.397361,-0.000039,5e-05,OK
시간가중 T20 Δ,0.006300,0.006319,+0.000019,5e-05,OK
시간가중 T20 p,0.274000,0.274445,+0.000445,0.001,OK
시간가중 T40 (a),0.399000,0.399028,+0.000028,5e-05,OK
시간가중 T40 (b),0.401900,0.401875,-0.000025,5e-05,OK
시간가중 T40 Δ,0.002800,0.002847,+0.000047,5e-05,OK
시간가중 T40 p,0.326000,0.325627,-0.000373,0.001,OK
7a k=1 기준선,0.326100,0.326053,-0.000047,5e-05,OK
7a k=1 b_mix Δ,0.040400,0.040427,+0.000027,5e-05,OK
7a k=1 c_lr Δ,0.067900,0.067948,+0.000048,5e-05,OK
7a k=1 c_lrreg Δ,-0.007200,-0.007244,-0.000044,5e-05,OK
7a k=1 d_head Δ,0.032200,0.032174,-0.000026,5e-05,OK
7a k=2 기준선,0.328400,0.328358,-0.000042,5e-05,OK
7a k=2 b_mix Δ,0.054600,0.054648,+0.000048,5e-05,OK
7a k=2 c_lr Δ,0.107900,0.107918,+0.000018,5e-05,OK
7a k=2 c_lrreg Δ,0.001200,0.001210,+0.000010,5e-05,OK
7a k=2 d_head Δ,0.054000,0.053982,-0.000018,5e-05,OK
7b k=1 라벨없음,0.328100,0.328135,+0.000035,5e-05,OK
7b k=1 로지스틱,0.344700,0.344678,-0.000022,5e-05,OK
7b k=1 Δ,0.016500,0.016543,+0.000043,5e-05,OK
7b k=1 p,0.322500,0.322510,+0.000010,5e-05,OK
7b k=1 이긴수,10.000000,10.000000,+0.000000,0,OK
7b k=2 라벨없음,0.330100,0.330073,-0.000027,5e-05,OK
7b k=2 로지스틱,0.382300,0.382281,-0.000019,5e-05,OK
7b k=2 Δ,0.052200,0.052207,+0.000007,5e-05,OK
7b k=2 p,0.003400,0.003357,-0.000043,5e-05,OK
7b k=2 이긴수,12.000000,12.000000,+0.000000,0,OK
기준1정식 T20 EA만,0.319000,0.319028,+0.000028,5e-05,OK
기준1정식 T20 +중심화,0.384900,0.384861,-0.000039,5e-05,OK
기준1정식 T20 Δ,0.065800,0.065833,+0.000033,5e-05,OK
기준1정식 T20 p,0.001000,0.001007,+0.000007,5e-05,OK
기준1정식 T20 이긴수,13.000000,13.000000,+0.000000,0,OK
기준1정식 T40 EA만,0.318400,0.318403,+0.000003,5e-05,OK
기준1정식 T40 +중심화,0.392800,0.392847,+0.000047,5e-05,OK
기준1정식 T40 Δ,0.074400,0.074444,+0.000044,5e-05,OK
기준1정식 T40 p,0.000400,0.000427,+0.000027,5e-05,OK
기준1정식 T40 이긴수,14.000000,14.000000,+0.000000,0,OK
기준1정식 Tfull EA만,0.318100,0.318056,-0.000044,5e-05,OK
기준1정식 Tfull +중심화,0.397200,0.397222,+0.000022,5e-05,OK
기준1정식 Tfull Δ,0.079200,0.079167,-0.000033,5e-05,OK
기준1정식 Tfull p,0.000000,0.000031,+0.000031,5e-05,OK
기준1정식 Tfull 이긴수,16.000000,16.000000,+0.000000,0,OK
기준8 T20 Δ(EA−noEA),0.016800,0.016806,+0.000006,5e-05,OK
기준8 T20 p≥0.14,1.000000,1.000000,+0.000000,0,OK
기준8 T40 Δ(EA−noEA),0.024200,0.024236,+0.000036,5e-05,OK
기준8 T40 p≥0.14,1.000000,1.000000,+0.000000,0,OK
기준8 Tfull Δ(EA−noEA),0.030200,0.030208,+0.000008,5e-05,OK
기준8 Tfull p≥0.14,1.000000,1.000000,+0.000000,0,OK
V4 seed_T20 중심화,0.667300,0.667346,+0.000046,5e-05,OK
V4 seed_T20 CR,0.663900,0.663889,-0.000011,5e-05,OK
V4 seed_T20 oracle,0.758300,0.758333,+0.000033,5e-05,OK
V4 seed_T20 Δ,-0.003500,-0.003457,+0.000043,5e-05,OK
V4 seed_T20 p,0.211000,0.211016,+0.000016,0.0005,OK
V4 seed_T20 이긴수,5.000000,5.000000,+0.000000,0,OK
V4 seed_T40 중심화,0.677000,0.676975,-0.000025,5e-05,OK
V4 seed_T40 CR,0.672000,0.671975,-0.000025,5e-05,OK
V4 seed_T40 oracle,0.773800,0.773827,+0.000027,5e-05,OK
V4 seed_T40 Δ,-0.005000,-0.005000,+0.000000,5e-05,OK
V4 seed_T40 p,0.109000,0.109334,+0.000334,0.0005,OK
V4 seed_T40 이긴수,5.000000,5.000000,+0.000000,0,OK
V4 seed_Tfull 중심화,0.696600,0.696605,+0.000005,5e-05,OK
V4 seed_Tfull CR,0.696000,0.696049,+0.000049,5e-05,OK
V4 seed_Tfull oracle,0.803900,0.803889,-0.000011,5e-05,OK
V4 seed_Tfull Δ,-0.000600,-0.000556,+0.000044,5e-05,OK
V4 seed_Tfull p,0.955000,0.954698,-0.000302,0.0005,OK
V4 seed_Tfull 이긴수,6.000000,6.000000,+0.000000,0,OK
V4 seedv_T20 중심화,0.369500,0.369514,+0.000014,5e-05,OK
V4 seedv_T20 CR,0.376600,0.376597,-0.000003,5e-05,OK
V4 seedv_T20 oracle,0.697500,0.697500,+0.000000,5e-05,OK
V4 seedv_T20 Δ,0.007100,0.007083,-0.000017,5e-05,OK
V4 seedv_T20 p,0.078000,0.078232,+0.000232,0.0005,OK
V4 seedv_T20 이긴수,10.000000,10.000000,+0.000000,0,OK
V4 seedv_T40 중심화,0.371000,0.370972,-0.000028,5e-05,OK
V4 seedv_T40 CR,0.390200,0.390208,+0.000008,5e-05,OK
V4 seedv_T40 oracle,0.708900,0.708889,-0.000011,5e-05,OK
V4 seedv_T40 Δ,0.019200,0.019236,+0.000036,5e-05,OK
V4 seedv_T40 p,0.007600,0.007629,+0.000029,5e-05,OK
V4 seedv_T40 이긴수,14.000000,14.000000,+0.000000,0,OK
V4 seedv_Tfull 중심화,0.366700,0.366736,+0.000036,5e-05,OK
V4 seedv_Tfull CR,0.398700,0.398681,-0.000019,5e-05,OK
V4 seedv_Tfull oracle,0.720000,0.720000,+0.000000,5e-05,OK
V4 seedv_Tfull Δ,0.031900,0.031944,+0.000044,5e-05,OK
V4 seedv_Tfull p,0.002700,0.002703,+0.000003,5e-05,OK
V4 seedv_Tfull 이긴수,15.000000,15.000000,+0.000000,0,OK
V4 seed_T20 Holm,0.422000,0.422031,+0.000031,0.0005,OK
V4 seed_T40 Holm,0.328000,0.328001,+0.000001,0.0005,OK
V4 seed_Tfull Holm,0.955000,0.954698,-0.000302,0.0005,OK
V4 seedv_T20 Holm,0.313000,0.312929,-0.000071,0.0005,OK
V4 seedv_T40 Holm,0.038000,0.038147,+0.000147,0.0005,OK
V4 seedv_Tfull Holm,0.016000,0.016220,+0.000220,0.0005,OK
V4 seed_noea win T20 Δ,0.000000,0.000007,+0.000007,5e-05,OK
V4 seed_noea win T40 Δ,-0.002200,-0.002171,+0.000029,5e-05,OK
V4 seed_noea win Tfull Δ,0.002500,0.002463,-0.000037,5e-05,OK
V4 seedv_noea win T20 Δ,0.005500,0.005547,+0.000047,5e-05,OK
V4 seedv_noea win T40 Δ,0.007700,0.007702,+0.000002,5e-05,OK
V4 seedv_noea win Tfull Δ,0.017700,0.017746,+0.000046,5e-05,OK
V4 seed_ea clip T20 Δ,-0.007700,-0.007716,-0.000016,5e-05,OK
V4 seed_ea clip T40 Δ,-0.011200,-0.011235,-0.000035,5e-05,OK
V4 seed_ea clip Tfull Δ,0.000100,0.000062,-0.000038,5e-05,OK
V4 seedv_ea clip T20 Δ,0.007500,0.007500,+0.000000,5e-05,OK
V4 seedv_ea clip T40 Δ,0.008000,0.007986,-0.000014,5e-05,OK
V4 seedv_ea clip Tfull Δ,0.020800,0.020764,-0.000036,5e-05,OK
V4A seed_L2,0.705700,0.705741,+0.000041,5e-05,OK
V4A seed_L3,0.710700,0.710741,+0.000041,5e-05,OK
V4A seed_L3−L2,0.005000,0.005000,+0.000000,5e-05,OK
V4A seed_L3−L2 p,0.349000,0.348591,-0.000409,0.0005,OK
V4A seed_L3 이긴수,10.000000,10.000000,+0.000000,0,OK
V4A seedv_L2,0.399400,0.399375,-0.000025,5e-05,OK
V4A seedv_L3,0.404900,0.404861,-0.000039,5e-05,OK
V4A seedv_L3−L2,0.005500,0.005486,-0.000014,5e-05,OK
V4A seedv_L3−L2 p,0.140000,0.140430,+0.000430,0.0005,OK
V4A seedv_L3 이긴수,9.000000,9.000000,+0.000000,0,OK
V4A L3 seed_T20 Δ,-0.007400,-0.007407,-0.000007,5e-05,OK
V4A L3 seed_T20 Holm,0.520000,0.518285,-0.001715,0.005,OK
V4A L3 seed_T40 Δ,-0.001400,-0.001358,+0.000042,5e-05,OK
V4A L3 seed_T40 Holm,1.000000,1.000000,+0.000000,0.005,OK
V4A L3 seed_Tfull Δ,0.014800,0.014753,-0.000047,5e-05,OK
V4A L3 seed_Tfull Holm,0.008900,0.008889,-0.000011,5e-05,OK
V4A L3 seedv_T20 Δ,0.002400,0.002431,+0.000031,5e-05,OK
V4A L3 seedv_T20 Holm,1.000000,1.000000,+0.000000,0.005,OK
V4A L3 seedv_T40 Δ,0.020400,0.020417,+0.000017,5e-05,OK
V4A L3 seedv_T40 Holm,0.052000,0.052368,+0.000368,0.0005,OK
V4A L3 seedv_Tfull Δ,0.037800,0.037847,+0.000047,5e-05,OK
V4A L3 seedv_Tfull Holm,0.000900,0.000916,+0.000016,5e-05,OK
V4A SEED L2 Tfull Δ,0.009800,0.009753,-0.000047,5e-05,OK
V4A SEED L2 Tfull p,0.017000,0.017014,+0.000014,0.0005,OK
V4A seed_L4 head_clip,0.717400,0.717407,+0.000007,5e-05,OK
V4A seed_L4 vs 조건2,0.045100,0.045123,+0.000023,5e-05,OK
V4A seed_L4 vs 조건4,0.021400,0.021420,+0.000020,5e-05,OK
V4A seedv_L4 head_clip,0.400300,0.400278,-0.000022,5e-05,OK
V4A seedv_L4 vs 조건2,0.057700,0.057708,+0.000008,5e-05,OK
V4A seedv_L4 vs 조건4,0.033300,0.033264,-0.000036,5e-05,OK
SD results/a02_sd.csv runs,45.000000,45.000000,+0.000000,0,OK
SD results/a02_sd.csv accuracy,0.653600,0.653601,+0.000001,5e-05,OK
SD results/a02_sd.csv clip_accuracy,0.750600,0.750617,+0.000017,5e-05,OK
SD results/seedv_a02_sd.csv runs,48.000000,48.000000,+0.000000,0,OK
SD results/seedv_a02_sd.csv accuracy,0.412300,0.412313,+0.000013,5e-05,OK
SD results/seedv_a02_sd.csv clip_accuracy,0.522200,0.522222,+0.000022,5e-05,OK
V6 c,0.428000,0.427942,-0.000058,0.0005,OK
V6 적응 없음 clip,0.370400,0.370370,-0.000030,5e-05,OK
V6 중심화 T20 clip,0.421300,0.421296,-0.000004,5e-05,OK
V6 중심화 T20 Δ,0.050900,0.050926,+0.000026,5e-05,OK
V6 중심화 T20 p,0.000100,0.000122,+0.000022,0.0001,OK
V6 중심화 T20 향상,14.000000,14.000000,+0.000000,0,OK
V6 중심화 T40 clip,0.426400,0.426444,+0.000044,5e-05,OK
V6 중심화 T40 Δ,0.056100,0.056074,-0.000026,5e-05,OK
V6 중심화 T40 p,0.000100,0.000122,+0.000022,0.0001,OK
V6 중심화 T40 향상,14.000000,14.000000,+0.000000,0,OK
V6 중심화 Tfull clip,0.430300,0.430333,+0.000033,5e-05,OK
V6 중심화 Tfull Δ,0.060000,0.059963,-0.000037,5e-05,OK
V6 중심화 Tfull p,0.000100,0.000122,+0.000022,0.0001,OK
V6 중심화 Tfull 향상,14.000000,14.000000,+0.000000,0,OK
V6 전달식 − Tfull,0.015200,0.015185,-0.000015,5e-05,OK
V6 단일 0 vs 전체,-0.044100,-0.044111,-0.000011,5e-05,OK
V6 단일 0 vs 없음,0.015900,0.015852,-0.000048,5e-05,OK
V6 단일 1 vs 전체,-0.032900,-0.032926,-0.000026,5e-05,OK
V6 단일 1 vs 없음,0.027000,0.027037,+0.000037,5e-05,OK
V6 단일 2 vs 전체,-0.032300,-0.032259,+0.000041,5e-05,OK
V6 단일 2 vs 없음,0.027700,0.027704,+0.000004,5e-05,OK
V6 단일 3 vs 전체,-0.045700,-0.045667,+0.000033,5e-05,OK
V6 단일 3 vs 없음,0.014300,0.014296,-0.000004,5e-05,OK
V6 SLA T20 center,0.421400,0.421407,+0.000007,5e-05,OK
V6 SLA T20 SLA,0.430500,0.430481,-0.000019,5e-05,OK
V6 SLA T20 Δ,0.009100,0.009074,-0.000026,5e-05,OK
V6 SLA T20 p,0.107000,0.106995,-0.000005,0.0005,OK
V6 SLA T20 향상,9.000000,9.000000,+0.000000,0,OK
V6 SLA T40 center,0.426500,0.426519,+0.000019,5e-05,OK
V6 SLA T40 SLA,0.432100,0.432111,+0.000011,5e-05,OK
V6 SLA T40 Δ,0.005600,0.005593,-0.000007,5e-05,OK
V6 SLA T40 p,0.151400,0.151428,+0.000028,0.0005,OK
V6 SLA T40 향상,11.000000,11.000000,+0.000000,0,OK
V6 SLA Tfull center,0.430700,0.430741,+0.000041,5e-05,OK
V6 SLA Tfull SLA,0.461600,0.461556,-0.000044,5e-05,OK
V6 SLA Tfull Δ,0.030800,0.030815,+0.000015,5e-05,OK
V6 SLA Tfull p,0.025600,0.025574,-0.000026,0.0005,OK
V6 SLA Tfull 향상,11.000000,11.000000,+0.000000,0,OK
V6 SLA T20 Holm,0.214000,0.213989,-0.000011,0.0005,OK
V6 SLA T40 Holm,0.214000,0.213989,-0.000011,0.0005,OK
V6 SLA Tfull Holm,0.076700,0.076721,+0.000021,0.0005,OK
V6 L3−center Tfull,0.030700,0.030667,-0.000033,5e-05,OK
V6 L3−center Tfull p,0.048000,0.047913,-0.000087,0.0005,OK
V6 SLA−L3 Tfull,0.000100,0.000148,+0.000048,5e-05,OK
V6 SLA+L3−L3 Tfull,0.002400,0.002407,+0.000007,5e-05,OK
V6 SLA win Tfull Δ,0.017900,0.017905,+0.000005,5e-05,OK
V6 SLA win Tfull p,0.005400,0.005371,-0.000029,0.0005,OK
V6 SLA win Tfull 향상,13.000000,13.000000,+0.000000,0,OK
V6 탐색 Spearman SEED-IV,-0.457000,-0.457143,-0.000143,0.0005,OK
